entity_key,fact_key,value,unit,applicability,evidence_ref,source_page,confidence
lux,product_type,espejo simple,,model,enki-espejos-catalog#page=11,11,1
lux,shape,rectangular,,model,enki-espejos-catalog#page=11,11,1
lux,orientation,horizontal o vertical,,model,enki-espejos-catalog#page=11,11,1
lux,crystal_thickness,4,mm,model,enki-espejos-catalog#page=11,11,1
lux,installation,pared,,model,enki-espejos-catalog#page=11,11,1
lux,electrical_connection,no,,model,enki-espejos-catalog#page=11,11,1
lux,lighting_type,sin luz,,model,enki-espejos-catalog#page=11,11,1
lux,touch_on_off,no,,model,enki-espejos-catalog#page=11,11,1
lux,touch_antifog,no,,model,enki-espejos-catalog#page=11,11,1
lux,bluetooth,no,,model,enki-espejos-catalog#page=11,11,1
lux,wireless_charging,no,,model,enki-espejos-catalog#page=11,11,1
lux,edge_or_frame,sin marco,,model,enki-espejos-catalog#page=11,11,1
lux,anti_corrosion,si,,model,enki-espejos-catalog#page=11,11,1
lux,protective_film,si,,model,enki-espejos-catalog#page=11,11,1
lux,ce_mark,si,,model,enki-espejos-catalog#page=11,11,1
lux,ip_rating,IP44,,model,enki-espejos-catalog#page=11,11,1
lux-050101,dimensions,60 x 80 cm,,variant,enki-espejos-catalog#page=11,11,1
lux-050101,width,60,cm,variant,enki-espejos-catalog#page=11,11,1
lux-050101,height,80,cm,variant,enki-espejos-catalog#page=11,11,1
lux-050102,dimensions,70 x 80 cm,,variant,enki-espejos-catalog#page=11,11,1
lux-050102,width,70,cm,variant,enki-espejos-catalog#page=11,11,1
lux-050102,height,80,cm,variant,enki-espejos-catalog#page=11,11,1
lux-050103,dimensions,80 x 80 cm,,variant,enki-espejos-catalog#page=11,11,1
lux-050103,width,80,cm,variant,enki-espejos-catalog#page=11,11,1
lux-050103,height,80,cm,variant,enki-espejos-catalog#page=11,11,1
lux-050104,dimensions,90 x 80 cm,,variant,enki-espejos-catalog#page=11,11,1
lux-050104,width,90,cm,variant,enki-espejos-catalog#page=11,11,1
lux-050104,height,80,cm,variant,enki-espejos-catalog#page=11,11,1
lux-050105,dimensions,100 x 80 cm,,variant,enki-espejos-catalog#page=11,11,1
lux-050105,width,100,cm,variant,enki-espejos-catalog#page=11,11,1
lux-050105,height,80,cm,variant,enki-espejos-catalog#page=11,11,1
lux-050106,dimensions,120 x 80 cm,,variant,enki-espejos-catalog#page=11,11,1
lux-050106,width,120,cm,variant,enki-espejos-catalog#page=11,11,1
lux-050106,height,80,cm,variant,enki-espejos-catalog#page=11,11,1
lux-050107,dimensions,140 x 80 cm,,variant,enki-espejos-catalog#page=11,11,1
lux-050107,width,140,cm,variant,enki-espejos-catalog#page=11,11,1
lux-050107,height,80,cm,variant,enki-espejos-catalog#page=11,11,1
pure,product_type,espejo retroiluminado,,model,enki-espejos-catalog#page=12,12,1
pure,shape,rectangular,,model,enki-espejos-catalog#page=12,12,1
pure,orientation,horizontal,,model,enki-espejos-catalog#page=12,12,1
pure,crystal_thickness,4,mm,model,enki-espejos-catalog#page=12,12,1
pure,installation,pared,,model,enki-espejos-catalog#page=12,12,1
pure,electrical_connection,red directa,,model,enki-espejos-catalog#page=12,12,1
pure,lighting_type,LED,,model,enki-espejos-catalog#page=12,12,1
pure,light_direction,indirecta,,model,enki-espejos-catalog#page=12,12,1
pure,touch_on_off,si,,model,enki-espejos-catalog#page=12,12,1
pure,touch_antifog,si,,model,enki-espejos-catalog#page=12,12,1
pure,light_temperature,5700,K,model,enki-espejos-catalog#page=12,12,1
pure,bluetooth,no,,model,enki-espejos-catalog#page=12,12,1
pure,wireless_charging,no,,model,enki-espejos-catalog#page=12,12,1
pure,back_frame_material,aluminio,,model,enki-espejos-catalog#page=12,12,1
pure,edge_or_frame,bastidor trasero metalico de aluminio,,model,enki-espejos-catalog#page=12,12,1
pure,anti_corrosion,si,,model,enki-espejos-catalog#page=12,12,1
pure,protective_film,si,,model,enki-espejos-catalog#page=12,12,1
pure,ce_mark,si,,model,enki-espejos-catalog#page=12,12,1
pure,ip_rating,IP44,,model,enki-espejos-catalog#page=12,12,1
pure-050201,dimensions,60 x 70 cm,,variant,enki-espejos-catalog#page=12,12,1
pure-050201,width,60,cm,variant,enki-espejos-catalog#page=12,12,1
pure-050201,height,70,cm,variant,enki-espejos-catalog#page=12,12,1
pure-050202,dimensions,80 x 70 cm,,variant,enki-espejos-catalog#page=12,12,1
pure-050202,width,80,cm,variant,enki-espejos-catalog#page=12,12,1
pure-050202,height,70,cm,variant,enki-espejos-catalog#page=12,12,1
pure-050203,dimensions,100 x 70 cm,,variant,enki-espejos-catalog#page=12,12,1
pure-050203,width,100,cm,variant,enki-espejos-catalog#page=12,12,1
pure-050203,height,70,cm,variant,enki-espejos-catalog#page=12,12,1
pure-050204,dimensions,120 x 70 cm,,variant,enki-espejos-catalog#page=12,12,1
pure-050204,width,120,cm,variant,enki-espejos-catalog#page=12,12,1
pure-050204,height,70,cm,variant,enki-espejos-catalog#page=12,12,1
line,product_type,espejo con luz frontal,,model,enki-espejos-catalog#page=13,13,1
line,shape,rectangular,,model,enki-espejos-catalog#page=13,13,1
line,orientation,horizontal,,model,enki-espejos-catalog#page=13,13,1
line,crystal_thickness,4,mm,model,enki-espejos-catalog#page=13,13,1
line,installation,pared,,model,enki-espejos-catalog#page=13,13,1
line,electrical_connection,red directa,,model,enki-espejos-catalog#page=13,13,1
line,lighting_type,LED,,model,enki-espejos-catalog#page=13,13,1
line,light_direction,frontal directa,,model,enki-espejos-catalog#page=13,13,1
line,touch_on_off,si,,model,enki-espejos-catalog#page=13,13,1
line,touch_antifog,si,,model,enki-espejos-catalog#page=13,13,1
line,light_temperature,5700,K,model,enki-espejos-catalog#page=13,13,1
line,bluetooth,no,,model,enki-espejos-catalog#page=13,13,1
line,wireless_charging,no,,model,enki-espejos-catalog#page=13,13,1
line,back_frame_material,aluminio,,model,enki-espejos-catalog#page=13,13,1
line,edge_or_frame,arenado 35 mm,,model,enki-espejos-catalog#page=13,13,1
line,anti_corrosion,si,,model,enki-espejos-catalog#page=13,13,1
line,protective_film,si,,model,enki-espejos-catalog#page=13,13,1
line,ce_mark,si,,model,enki-espejos-catalog#page=13,13,1
line,ip_rating,IP44,,model,enki-espejos-catalog#page=13,13,1
line-050301,dimensions,60 x 70 cm,,variant,enki-espejos-catalog#page=13,13,1
line-050301,width,60,cm,variant,enki-espejos-catalog#page=13,13,1
line-050301,height,70,cm,variant,enki-espejos-catalog#page=13,13,1
line-050302,dimensions,80 x 70 cm,,variant,enki-espejos-catalog#page=13,13,1
line-050302,width,80,cm,variant,enki-espejos-catalog#page=13,13,1
line-050302,height,70,cm,variant,enki-espejos-catalog#page=13,13,1
line-050303,dimensions,100 x 70 cm,,variant,enki-espejos-catalog#page=13,13,1
line-050303,width,100,cm,variant,enki-espejos-catalog#page=13,13,1
line-050303,height,70,cm,variant,enki-espejos-catalog#page=13,13,1
line-050304,dimensions,120 x 70 cm,,variant,enki-espejos-catalog#page=13,13,1
line-050304,width,120,cm,variant,enki-espejos-catalog#page=13,13,1
line-050304,height,70,cm,variant,enki-espejos-catalog#page=13,13,1
form,product_type,espejo con luz frontal y lupa,,model,enki-espejos-catalog#page=14,14,1
form,shape,rectangular,,model,enki-espejos-catalog#page=14,14,1
form,orientation,horizontal,,model,enki-espejos-catalog#page=14,14,1
form,crystal_thickness,4,mm,model,enki-espejos-catalog#page=14,14,1
form,installation,pared,,model,enki-espejos-catalog#page=14,14,1
form,electrical_connection,red directa,,model,enki-espejos-catalog#page=14,14,1
form,lighting_type,LED,,model,enki-espejos-catalog#page=14,14,1
form,light_direction,frontal directa,,model,enki-espejos-catalog#page=14,14,1
form,touch_on_off,si,,model,enki-espejos-catalog#page=14,14,1
form,touch_antifog,si,,model,enki-espejos-catalog#page=14,14,1
form,light_temperature,5700,K,model,enki-espejos-catalog#page=14,14,1
form,magnification,x3,,model,enki-espejos-catalog#page=14,14,1
form,bluetooth,no,,model,enki-espejos-catalog#page=14,14,1
form,wireless_charging,no,,model,enki-espejos-catalog#page=14,14,1
form,back_frame_material,aluminio,,model,enki-espejos-catalog#page=14,14,1
form,edge_or_frame,arenado 35 mm,,model,enki-espejos-catalog#page=14,14,1
form,anti_corrosion,si,,model,enki-espejos-catalog#page=14,14,1
form,protective_film,si,,model,enki-espejos-catalog#page=14,14,1
form,ce_mark,si,,model,enki-espejos-catalog#page=14,14,1
form,ip_rating,IP44,,model,enki-espejos-catalog#page=14,14,1
form-050401,dimensions,80 x 70 cm,,variant,enki-espejos-catalog#page=14,14,1
form-050401,width,80,cm,variant,enki-espejos-catalog#page=14,14,1
form-050401,height,70,cm,variant,enki-espejos-catalog#page=14,14,1
form-050402,dimensions,100 x 70 cm,,variant,enki-espejos-catalog#page=14,14,1
form-050402,width,100,cm,variant,enki-espejos-catalog#page=14,14,1
form-050402,height,70,cm,variant,enki-espejos-catalog#page=14,14,1
form-050403,dimensions,120 x 70 cm,,variant,enki-espejos-catalog#page=14,14,1
form-050403,width,120,cm,variant,enki-espejos-catalog#page=14,14,1
form-050403,height,70,cm,variant,enki-espejos-catalog#page=14,14,1
axis,product_type,"espejo con luz, bluetooth y carga inalambrica",,model,enki-espejos-catalog#page=15,15,1
axis,shape,rectangular,,model,enki-espejos-catalog#page=15,15,1
axis,orientation,horizontal,,model,enki-espejos-catalog#page=15,15,1
axis,crystal_thickness,4,mm,model,enki-espejos-catalog#page=15,15,1
axis,installation,pared,,model,enki-espejos-catalog#page=15,15,1
axis,electrical_connection,red directa,,model,enki-espejos-catalog#page=15,15,1
axis,lighting_type,LED,,model,enki-espejos-catalog#page=15,15,1
axis,light_direction,directa,,model,enki-espejos-catalog#page=15,15,1
axis,touch_on_off,si,,model,enki-espejos-catalog#page=15,15,1
axis,touch_antifog,si,,model,enki-espejos-catalog#page=15,15,1
axis,light_temperature,5700,K,model,enki-espejos-catalog#page=15,15,1
axis,bluetooth,si,,model,enki-espejos-catalog#page=15,15,1
axis,wireless_charging,si,,model,enki-espejos-catalog#page=15,15,1
axis,frame_material,metalico,,model,enki-espejos-catalog#page=15,15,1
axis,back_frame_material,metalico,,model,enki-espejos-catalog#page=15,15,1
axis,edge_or_frame,marco exterior metalico y bandeja inferior,,model,enki-espejos-catalog#page=15,15,1
axis,finish,Negro Mate,,model,enki-espejos-catalog#page=15,15,1
axis,finish_code,BM,,model,enki-espejos-catalog#page=15,15,1
axis,anti_corrosion,si,,model,enki-espejos-catalog#page=15,15,1
axis,protective_film,si,,model,enki-espejos-catalog#page=15,15,1
axis,ce_mark,si,,model,enki-espejos-catalog#page=15,15,1
axis,ip_rating,IP44,,model,enki-espejos-catalog#page=15,15,1
axis-050501bm,dimensions,80 x 70 cm,,variant,enki-espejos-catalog#page=15,15,1
axis-050501bm,width,80,cm,variant,enki-espejos-catalog#page=15,15,1
axis-050501bm,height,70,cm,variant,enki-espejos-catalog#page=15,15,1
axis-050502bm,dimensions,100 x 70 cm,,variant,enki-espejos-catalog#page=15,15,1
axis-050502bm,width,100,cm,variant,enki-espejos-catalog#page=15,15,1
axis-050502bm,height,70,cm,variant,enki-espejos-catalog#page=15,15,1
axis-050503bm,dimensions,120 x 70 cm,,variant,enki-espejos-catalog#page=15,15,1
axis-050503bm,width,120,cm,variant,enki-espejos-catalog#page=15,15,1
axis-050503bm,height,70,cm,variant,enki-espejos-catalog#page=15,15,1
opal,product_type,espejo retroiluminado,,model,enki-espejos-catalog#page=16,16,1
opal,shape,circular,,model,enki-espejos-catalog#page=16,16,1
opal,orientation,vertical,,model,enki-espejos-catalog#page=16,16,1
opal,crystal_thickness,4,mm,model,enki-espejos-catalog#page=16,16,1
opal,installation,pared,,model,enki-espejos-catalog#page=16,16,1
opal,electrical_connection,red directa,,model,enki-espejos-catalog#page=16,16,1
opal,lighting_type,LED,,model,enki-espejos-catalog#page=16,16,1
opal,light_direction,indirecta,,model,enki-espejos-catalog#page=16,16,1
opal,touch_on_off,si,,model,enki-espejos-catalog#page=16,16,1
opal,touch_antifog,si,,model,enki-espejos-catalog#page=16,16,1
opal,light_temperature,5700,K,model,enki-espejos-catalog#page=16,16,1
opal,bluetooth,no,,model,enki-espejos-catalog#page=16,16,1
opal,wireless_charging,no,,model,enki-espejos-catalog#page=16,16,1
opal,back_frame_material,aluminio,,model,enki-espejos-catalog#page=16,16,1
opal,edge_or_frame,bastidor trasero metalico de aluminio,,model,enki-espejos-catalog#page=16,16,1
opal,anti_corrosion,si,,model,enki-espejos-catalog#page=16,16,1
opal,protective_film,si,,model,enki-espejos-catalog#page=16,16,1
opal,ce_mark,si,,model,enki-espejos-catalog#page=16,16,1
opal,ip_rating,IP44,,model,enki-espejos-catalog#page=16,16,1
opal-060101,dimensions,Ø60 cm,,variant,enki-espejos-catalog#page=16,16,1
opal-060101,diameter,60,cm,variant,enki-espejos-catalog#page=16,16,1
opal-060102,dimensions,Ø75 cm,,variant,enki-espejos-catalog#page=16,16,1
opal-060102,diameter,75,cm,variant,enki-espejos-catalog#page=16,16,1
opal-060103,dimensions,Ø90 cm,,variant,enki-espejos-catalog#page=16,16,1
opal-060103,diameter,90,cm,variant,enki-espejos-catalog#page=16,16,1
elio,product_type,espejo retroiluminado con borde exterior,,model,enki-espejos-catalog#page=17,17,1
elio,shape,circular,,model,enki-espejos-catalog#page=17,17,1
elio,orientation,vertical,,model,enki-espejos-catalog#page=17,17,1
elio,crystal_thickness,4,mm,model,enki-espejos-catalog#page=17,17,1
elio,installation,pared,,model,enki-espejos-catalog#page=17,17,1
elio,electrical_connection,red directa,,model,enki-espejos-catalog#page=17,17,1
elio,lighting_type,LED,,model,enki-espejos-catalog#page=17,17,1
elio,light_direction,indirecta,,model,enki-espejos-catalog#page=17,17,1
elio,touch_on_off,si,,model,enki-espejos-catalog#page=17,17,1
elio,touch_antifog,si,,model,enki-espejos-catalog#page=17,17,1
elio,light_temperature,5700,K,model,enki-espejos-catalog#page=17,17,1
elio,bluetooth,no,,model,enki-espejos-catalog#page=17,17,1
elio,wireless_charging,no,,model,enki-espejos-catalog#page=17,17,1
elio,frame_material,aluminio,,model,enki-espejos-catalog#page=17,17,1
elio,edge_or_frame,borde exterior de aluminio,,model,enki-espejos-catalog#page=17,17,1
elio,finish,Negro Mate,,model,enki-espejos-catalog#page=17,17,1
elio,finish_code,BM,,model,enki-espejos-catalog#page=17,17,1
elio,anti_corrosion,si,,model,enki-espejos-catalog#page=17,17,1
elio,protective_film,si,,model,enki-espejos-catalog#page=17,17,1
elio,ce_mark,si,,model,enki-espejos-catalog#page=17,17,1
elio,ip_rating,IP44,,model,enki-espejos-catalog#page=17,17,1
elio-060201bm,dimensions,Ø60 cm,,variant,enki-espejos-catalog#page=17,17,1
elio-060201bm,diameter,60,cm,variant,enki-espejos-catalog#page=17,17,1
elio-060202bm,dimensions,Ø75 cm,,variant,enki-espejos-catalog#page=17,17,1
elio-060202bm,diameter,75,cm,variant,enki-espejos-catalog#page=17,17,1
elio-060203bm,dimensions,Ø90 cm,,variant,enki-espejos-catalog#page=17,17,1
elio-060203bm,diameter,90,cm,variant,enki-espejos-catalog#page=17,17,1
eira,product_type,espejo con luz frontal y colgador,,model,enki-espejos-catalog#page=18,18,1
eira,shape,circular,,model,enki-espejos-catalog#page=18,18,1
eira,orientation,vertical,,model,enki-espejos-catalog#page=18,18,1
eira,crystal_thickness,4,mm,model,enki-espejos-catalog#page=18,18,1
eira,installation,colgador estilo cuero,,model,enki-espejos-catalog#page=18,18,1
eira,electrical_connection,red directa,,model,enki-espejos-catalog#page=18,18,1
eira,lighting_type,LED,,model,enki-espejos-catalog#page=18,18,1
eira,light_direction,frontal regulable,,model,enki-espejos-catalog#page=18,18,1
eira,touch_on_off,si,,model,enki-espejos-catalog#page=18,18,1
eira,touch_antifog,si,,model,enki-espejos-catalog#page=18,18,1
eira,light_temperature,5700,K,model,enki-espejos-catalog#page=18,18,1
eira,bluetooth,no,,model,enki-espejos-catalog#page=18,18,1
eira,wireless_charging,no,,model,enki-espejos-catalog#page=18,18,1
eira,frame_material,aluminio,,model,enki-espejos-catalog#page=18,18,1
eira,edge_or_frame,marco exterior de aluminio y arenado 35 mm,,model,enki-espejos-catalog#page=18,18,1
eira,finish,Negro Mate,,model,enki-espejos-catalog#page=18,18,1
eira,finish_code,BM,,model,enki-espejos-catalog#page=18,18,1
eira,anti_corrosion,si,,model,enki-espejos-catalog#page=18,18,1
eira,protective_film,si,,model,enki-espejos-catalog#page=18,18,1
eira,ce_mark,si,,model,enki-espejos-catalog#page=18,18,1
eira,ip_rating,IP44,,model,enki-espejos-catalog#page=18,18,1
eira-060301bm,dimensions,Ø60 cm,,variant,enki-espejos-catalog#page=18,18,1
eira-060301bm,diameter,60,cm,variant,enki-espejos-catalog#page=18,18,1
eira-060302bm,dimensions,Ø75 cm,,variant,enki-espejos-catalog#page=18,18,1
eira-060302bm,diameter,75,cm,variant,enki-espejos-catalog#page=18,18,1
auri,product_type,espejo retroiluminado,,model,enki-espejos-catalog#page=19,19,1
auri,shape,capsula,,model,enki-espejos-catalog#page=19,19,1
auri,orientation,vertical,,model,enki-espejos-catalog#page=19,19,1
auri,crystal_thickness,4,mm,model,enki-espejos-catalog#page=19,19,1
auri,installation,pared,,model,enki-espejos-catalog#page=19,19,1
auri,electrical_connection,red directa,,model,enki-espejos-catalog#page=19,19,1
auri,lighting_type,LED,,model,enki-espejos-catalog#page=19,19,1
auri,light_direction,indirecta,,model,enki-espejos-catalog#page=19,19,1
auri,touch_on_off,si,,model,enki-espejos-catalog#page=19,19,1
auri,touch_antifog,si,,model,enki-espejos-catalog#page=19,19,1
auri,light_temperature,5700,K,model,enki-espejos-catalog#page=19,19,1
auri,bluetooth,no,,model,enki-espejos-catalog#page=19,19,1
auri,wireless_charging,no,,model,enki-espejos-catalog#page=19,19,1
auri,back_frame_material,aluminio,,model,enki-espejos-catalog#page=19,19,1
auri,edge_or_frame,bastidor trasero metalico de aluminio,,model,enki-espejos-catalog#page=19,19,1
auri,anti_corrosion,si,,model,enki-espejos-catalog#page=19,19,1
auri,protective_film,si,,model,enki-espejos-catalog#page=19,19,1
auri,ce_mark,si,,model,enki-espejos-catalog#page=19,19,1
auri,ip_rating,IP44,,model,enki-espejos-catalog#page=19,19,1
auri-070101,dimensions,45 x 90 cm,,variant,enki-espejos-catalog#page=19,19,1
auri-070101,width,45,cm,variant,enki-espejos-catalog#page=19,19,1
auri-070101,height,90,cm,variant,enki-espejos-catalog#page=19,19,1
auri-070102,dimensions,60 x 85 cm,,variant,enki-espejos-catalog#page=19,19,1
auri-070102,width,60,cm,variant,enki-espejos-catalog#page=19,19,1
auri-070102,height,85,cm,variant,enki-espejos-catalog#page=19,19,1
tivo,product_type,espejo retroiluminado con borde exterior,,model,enki-espejos-catalog#page=20,20,1
tivo,shape,capsula,,model,enki-espejos-catalog#page=20,20,1
tivo,orientation,vertical,,model,enki-espejos-catalog#page=20,20,1
tivo,crystal_thickness,4,mm,model,enki-espejos-catalog#page=20,20,1
tivo,installation,pared,,model,enki-espejos-catalog#page=20,20,1
tivo,electrical_connection,red directa,,model,enki-espejos-catalog#page=20,20,1
tivo,lighting_type,LED,,model,enki-espejos-catalog#page=20,20,1
tivo,light_direction,indirecta,,model,enki-espejos-catalog#page=20,20,1
tivo,touch_on_off,si,,model,enki-espejos-catalog#page=20,20,1
tivo,touch_antifog,si,,model,enki-espejos-catalog#page=20,20,1
tivo,light_temperature,5700,K,model,enki-espejos-catalog#page=20,20,1
tivo,bluetooth,no,,model,enki-espejos-catalog#page=20,20,1
tivo,wireless_charging,no,,model,enki-espejos-catalog#page=20,20,1
tivo,frame_material,aluminio,,model,enki-espejos-catalog#page=20,20,1
tivo,edge_or_frame,borde exterior de aluminio,,model,enki-espejos-catalog#page=20,20,1
tivo,finish,Negro Mate,,model,enki-espejos-catalog#page=20,20,1
tivo,finish_code,BM,,model,enki-espejos-catalog#page=20,20,1
tivo,anti_corrosion,si,,model,enki-espejos-catalog#page=20,20,1
tivo,protective_film,si,,model,enki-espejos-catalog#page=20,20,1
tivo,ce_mark,si,,model,enki-espejos-catalog#page=20,20,1
tivo,ip_rating,IP44,,model,enki-espejos-catalog#page=20,20,1
tivo-070201bm,dimensions,45 x 90 cm,,variant,enki-espejos-catalog#page=20,20,1
tivo-070201bm,width,45,cm,variant,enki-espejos-catalog#page=20,20,1
tivo-070201bm,height,90,cm,variant,enki-espejos-catalog#page=20,20,1
tivo-070202bm,dimensions,60 x 85 cm,,variant,enki-espejos-catalog#page=20,20,1
tivo-070202bm,width,60,cm,variant,enki-espejos-catalog#page=20,20,1
tivo-070202bm,height,85,cm,variant,enki-espejos-catalog#page=20,20,1
